{"type":"APL","version":"1.4","settings":{},"theme":"dark","import":[],"resources":[],"styles":{},"onMount":[],"graphics":{},"commands":{},"layouts":{},"mainTemplate":{"parameters":["payload"],"items":[{"type":"Frame","height":"100%","width":"100%","item":[{"type":"Text","width":"100%","height":"60dp","paddingTop":"15dp","paddingBottom":"15dp","text":"Skill Professor Marcelo","fontSize":"40dp","textAlign":"center","textAlignVertical":"center","fontStyle":"normal","fontFamily":"monospace","fontWeight":"bold","letterSpacing":"2"}]}]}}