{
  "interactionModel": {
    "languageModel": {
      "invocationName": "professor de evolução",
      "intents": [
        {
          "name": "AMAZON.CancelIntent",
          "samples": []
        },
        {
          "name": "AMAZON.HelpIntent",
          "samples": [
            "ajuda"
          ]
        },
        {
          "name": "AMAZON.StopIntent",
          "samples": []
        },
        {
          "name": "AMAZON.NavigateHomeIntent",
          "samples": []
        },
        {
          "name": "LessonTwoQuestionTwentySeven",
          "slots": [],
          "samples": [
            "Resumo do capítulo dois"
          ]
        },
        {
          "name": "LessonTwoQuestionTree",
          "slots": [],
          "samples": [
            "me fale sobre Mendel",
            "quem foi Mendel",
            "quem foi Gregor Mendel"
          ]
        },
        {
          "name": "Aulas",
          "slots": [],
          "samples": [
            "quais as aulas ministradas na disciplina"
          ]
        },
        {
          "name": "TopicLessonTwo",
          "slots": [],
          "samples": [
            "qual o conteúdo da aula de Equilíbrio de Hardy e Weinberg ",
            "qual o conteúdo da dois aula "
          ]
        },
        {
          "name": "LessonTwoQuestionOne",
          "slots": [],
          "samples": [
            "qual a primeira Lei de Mendel"
          ]
        },
        {
          "name": "Ementa",
          "slots": [],
          "samples": [
            "qual a ementa da disciplina"
          ]
        },
        {
          "name": "LessonTwoQuestionNineteen",
          "slots": [],
          "samples": [
            "quais fatores podem levar ao desequilíbrio gamético"
          ]
        },
        {
          "name": "LessonTwoQuestionSeventeen",
          "slots": [],
          "samples": [
            "o que é a fração de recombinação"
          ]
        },
        {
          "name": "LessonTwoQuestionEighteen",
          "slots": [],
          "samples": [
            "o que é repulsão"
          ]
        },
        {
          "name": "LessonTwoQuestionTwentySix",
          "slots": [],
          "samples": [
            "exemplo hard",
            "exemplo Hardy e Weinberg",
            "exemplo do equilíbrio de Hardy e Weinberg",
            "mostre me um exemplo prático do equilíbrio de Hardy e Weinberg"
          ]
        },
        {
          "name": "LessonTwoQuestionTwentyOne",
          "slots": [],
          "samples": [
            "o que é a lei de Hardy e Weinberg",
            "o que é o princípio de Hardy e Weinberg",
            "o que é o equilíbrio de Hardy e Weinberg"
          ]
        },
        {
          "name": "LessonTwoQuestionFour",
          "slots": [],
          "samples": [
            "como a informação genética é transmitida",
            "como é transmitida a informação genética",
            "como é passada a informação genética"
          ]
        },
        {
          "name": "LessonTwoQuestionTwo",
          "slots": [],
          "samples": [
            "explique a segunda Lei de Mendel"
          ]
        },
        {
          "name": "LessonTwoQuestionTwentyTwo",
          "slots": [],
          "samples": [
            "quais as premissas do equilíbrio de Hardy e Weinberg"
          ]
        },
        {
          "name": "LessonTwoQuestionTwentyTree",
          "slots": [],
          "samples": [
            "qual a importância do equilíbrio de Hardy e Weinberg para a genética de populações",
            "qual a importância do equilíbrio de Hardy e Weinberg"
          ]
        },
        {
          "name": "LessonTwoQuestionTwentyFour",
          "slots": [],
          "samples": [
            "como funciona o equilíbrio de Hardy e Weinberg em cromossomos sexuais"
          ]
        },
        {
          "name": "LessonTwoQuestionFifteen",
          "slots": [],
          "samples": [
            "o que é acoplamento"
          ]
        },
        {
          "name": "LessonTwoQuestionSix",
          "slots": [],
          "samples": [
            "o que é ligação gamética"
          ]
        },
        {
          "name": "LessonTwoQuestionFive",
          "slots": [],
          "samples": [
            "o que é Desequilíbrio gamético"
          ]
        },
        {
          "name": "LessonTwoQuestionTwelve",
          "slots": [],
          "samples": [
            "como será o equilíbrio de Hardy e Weinberg para três alelos",
            "equilíbrio de Hardy e Weinberg de três alelos",
            "como será o equilíbrio de Hardy e Weinberg para mais de dois alelos"
          ]
        },
        {
          "name": "LessonTwoQuestionSeven",
          "slots": [],
          "samples": [
            "o que é depressão por endocruzamento"
          ]
        },
        {
          "name": "LessonTwoQuestionNine",
          "slots": [],
          "samples": [
            "o que é heterose"
          ]
        },
        {
          "name": "LessonTwoQuestionEight",
          "slots": [],
          "samples": [
            "o que é o alô zigoto"
          ]
        },
        {
          "name": "LessonTwoQuestionTen",
          "slots": [],
          "samples": [
            "o que é acasalamento seletivo",
            "o que é o acasalamento seletivo"
          ]
        },
        {
          "name": "LessonTwoQuestionTwenty",
          "slots": [],
          "samples": [
            "o que é o endo cruzamento",
            "o que é o endocruzamento",
            "o que é consanguinidade"
          ]
        },
        {
          "name": "LessonTwoQuestionTwentyFive",
          "slots": [],
          "samples": [
            "quais os efeitos do endocruzamento",
            "quais os efeitos da consaguinidade"
          ]
        },
        {
          "name": "LessonTwoQuestionSixteen",
          "slots": [],
          "samples": [
            "o que é um auto zigoto",
            "o que é auto zigoto",
            "o que é um autozigoto",
            "o que é autozigoto"
          ]
        },
        {
          "name": "LessonTwoQuestionFourteen",
          "slots": [],
          "samples": [
            "quais os impactos da endogamia",
            "quais os impactos da endogamia nas frequências alélicas e genotípicas"
          ]
        },
        {
          "name": "LessonTwoQuestionThirteen",
          "slots": [],
          "samples": [
            "como testar se uma população está em equilíbrio",
            "como testar se uma população está em equilíbrio de Hardy e Weinberg"
          ]
        },
        {
          "name": "LessonTwoQuestionEleven",
          "slots": [],
          "samples": [
            "como pode ser medida a consanguinidade",
            "como pode ser medida o endocruzamento"
          ]
        },
        {
          "name": "LessonOneQuestionOne",
          "slots": [],
          "samples": [
            "o que é um alelo",
            "o que é alelo"
          ]
        },
        {
          "name": "LessonOneQuestionTwo",
          "slots": [],
          "samples": [
            "o que é o polimorfismo",
            "o que é polimorfismo"
          ]
        },
        {
          "name": "LessonOneQuestionTree",
          "slots": [],
          "samples": [
            "sobre Homologia Evolutiva",
            "sobre a Homologia Evolutiva",
            "O que é a Homologia Evolutiva",
            "O que é Homologia Evolutiva"
          ]
        },
        {
          "name": "LessonOneQuestionFour",
          "slots": [],
          "samples": [
            "o que é homo plazía",
            "o que é homo plasía",
            "o que é homo plazia",
            "o que é homo plasia",
            "o que é homoplazia",
            "O que é homoplasia",
            "sobre a Homoplázia",
            "O que é a Homoplázia",
            "O que é Homoplázia"
          ]
        },
        {
          "name": "LessonOneQuestionFive",
          "slots": [],
          "samples": [
            "O que é a Evolução Convergente",
            "O que é Evolução Convergente"
          ]
        },
        {
          "name": "LessonOneQuestionSix",
          "slots": [],
          "samples": [
            "o que é um gene ortólogo",
            "o que é um gene ortologo",
            "o que são genes orto logos",
            "o que são genes ortó logos"
          ]
        },
        {
          "name": "LessonOneQuestionSeven",
          "slots": [],
          "samples": [
            "o que são genes para logos",
            "o que são genes pará logos"
          ]
        },
        {
          "name": "LessonOneQuestionEight",
          "slots": [],
          "samples": [
            "o que é o coeficiente de endocruzamento",
            "o que é o coeficiente de endogamia"
          ]
        },
        {
          "name": "LessonOneQuestionNine",
          "slots": [],
          "samples": [
            "o que é diversidade genética"
          ]
        },
        {
          "name": "LessonOneQuestionTen",
          "slots": [],
          "samples": [
            "qual a relação entre extinção e endocruzamento",
            "qual a relação entre endocruzamento e extinção"
          ]
        },
        {
          "name": "LessonOneQuestionEleven",
          "slots": [],
          "samples": [
            "um exemplo da relação entre endocruzamento e extinção",
            "exemplo da relação entre endocruzamento e extinção"
          ]
        },
        {
          "name": "LessonOneQuestionTwelve",
          "slots": [],
          "samples": [
            "as evidências da relação entre endocruzamento e extinção em populações naturais",
            "quais as evidências da relação entre endocruzamento e extinção em populações naturais"
          ]
        },
        {
          "name": "LessonOneQuestionThirteen",
          "slots": [],
          "samples": [
            "o que é o vórtice de extinção"
          ]
        },
        {
          "name": "LessonOneQuestionFourteen",
          "slots": [],
          "samples": [
            "qual a relação entre perda de diversidade genética e doenças"
          ]
        },
        {
          "name": "LessonSevenQuestionOne",
          "slots": [],
          "samples": [
            "o que é seleção natural"
          ]
        },
        {
          "name": "LessonSevenQuestionTwo",
          "slots": [],
          "samples": [
            "o que é a seleção direcional"
          ]
        },
        {
          "name": "LessonSevenQuestionTree",
          "slots": [],
          "samples": [
            "o que é a seleção balanceodora ou disruptiva",
            "o que é a seleção disruptiva ou balanceodora",
            "o que é a seleção balanceodora",
            "o que é a seleção disruptiva"
          ]
        },
        {
          "name": "LessonSevenQuestionFour",
          "slots": [],
          "samples": [
            "o que é aptidão absoluta"
          ]
        },
        {
          "name": "LessonSevenQuestionFive",
          "slots": [],
          "samples": [
            "o que é aptidão relativa"
          ]
        },
        {
          "name": "LessonSevenQuestionSix",
          "slots": [],
          "samples": [
            "o que é aptidão média"
          ]
        },
        {
          "name": "LessonSevenQuestionSeven",
          "slots": [],
          "samples": [
            "o que é o coeficiente de seleção",
            "o que é coeficiente de seleção"
          ]
        },
        {
          "name": "LessonSevenQuestionEight",
          "slots": [],
          "samples": [
            "quais as premissas da seleção natural através de reprodução sexual"
          ]
        },
        {
          "name": "LessonSevenQuestionNine",
          "slots": [],
          "samples": [
            "o que é um processo deter minístico",
            "o que é um processo detêrministico",
            "o que é um processo deterministico",
            "o que é um processo determinístico"
          ]
        },
        {
          "name": "LessonSevenQuestionTen",
          "slots": [],
          "samples": [
            "o que é um processo estocástico"
          ]
        },
        {
          "name": "LessonSevenQuestionEleven",
          "slots": [],
          "samples": [
            "quais os tipos de seleção que ocorrem com os alelos",
            "quais os tipos de seleção que ocorrem nos alelos",
            "quais os tipos de seleção que ocorrem para os alelos"
          ]
        },
        {
          "name": "LessonSevenQuestionTwelve",
          "slots": [],
          "samples": [
            "o que é seleção contra um fenótipo recessivo"
          ]
        },
        {
          "name": "LessonSevenQuestionThirteen",
          "slots": [],
          "samples": [
            "o que é seleção contra um fenótipo dominante"
          ]
        },
        {
          "name": "LessonSevenQuestionFourteen",
          "slots": [],
          "samples": [
            "o que é dominância geral ou codominância",
            "o que é codominância",
            "o que é dominância geral "
          ]
        },
        {
          "name": "LessonSevenQuestionFifteen",
          "slots": [],
          "samples": [
            "o que é desvantagem do heterozigoto"
          ]
        },
        {
          "name": "LessonSevenQuestionSixteen",
          "slots": [],
          "samples": [
            "o que é vantagem do heterozigoto"
          ]
        },
        {
          "name": "LessonSevenQuestionSeventeen",
          "slots": [],
          "samples": [
            "o que é o teorema fundamental da seleção natural"
          ]
        },
        {
          "name": "LessonEightQuestionOne",
          "slots": [],
          "samples": [
            "o que é divergência genética"
          ]
        },
        {
          "name": "LessonEightQuestionTwo",
          "slots": [],
          "samples": [
            "o que é substituição alélica"
          ]
        },
        {
          "name": "LessonEightQuestionTree",
          "slots": [],
          "samples": [
            "o que é a teoria neutra"
          ]
        },
        {
          "name": "LessonEightQuestionFour",
          "slots": [],
          "samples": [
            "quem foi Motoo Kimura"
          ]
        },
        {
          "name": "LessonEightQuestionFive",
          "slots": [],
          "samples": [
            "quem foi Tomoko Ohta"
          ]
        },
        {
          "name": "LessonEightQuestionSix",
          "slots": [],
          "samples": [
            "qual o destino das mutações de acordo com a teoria neutra"
          ]
        },
        {
          "name": "LessonEightQuestionSeven",
          "slots": [],
          "samples": [
            "qual o tempo de fixação de um alelo seguindo a teoria neutra"
          ]
        },
        {
          "name": "LessonEightQuestionEight",
          "slots": [],
          "samples": [
            "o que a teoria próxima da neutralidade"
          ]
        },
        {
          "name": "LessonEightQuestionNine",
          "slots": [],
          "samples": [
            "quando as mutações serão efetivamente neutras"
          ]
        },
        {
          "name": "LessonEightQuestionTen",
          "slots": [],
          "samples": [
            "o que é a distância p"
          ]
        },
        {
          "name": "LessonSixQuestionOne",
          "slots": [],
          "samples": [
            "o que é mutação"
          ]
        },
        {
          "name": "LessonSixQuestionTwo",
          "slots": [],
          "samples": [
            "quais os tipos de mutações"
          ]
        },
        {
          "name": "LessonSixQuestionTree",
          "slots": [],
          "samples": [
            "o que é a taxa de mutação"
          ]
        },
        {
          "name": "LessonSixQuestionFour",
          "slots": [],
          "samples": [
            "como se calcula a taxa de mutação",
            "como se calcula a taxa de mutação por lócos"
          ]
        },
        {
          "name": "LessonSixQuestionFive",
          "slots": [],
          "samples": [
            "como a mutação rara pode ser importante para a variabilidade genética das populações"
          ]
        },
        {
          "name": "LessonSixQuestionSix",
          "slots": [],
          "samples": [
            "o que é espectro de aptidão de mutação"
          ]
        },
        {
          "name": "LessonSixQuestionSeven",
          "slots": [],
          "samples": [
            "qual o impacto da mutação no organismo"
          ]
        },
        {
          "name": "LessonSixQuestionEight",
          "slots": [],
          "samples": [
            "qual o destino de uma nova mutação"
          ]
        },
        {
          "name": "LessonSixQuestionNine",
          "slots": [],
          "samples": [
            "qual a frequência esperada de uma mutação nova em gerações posteriores"
          ]
        },
        {
          "name": "LessonSixQuestionTen",
          "slots": [],
          "samples": [
            "como através de segregação mendeliana uma nova mutação pode ser perdida",
            "como uma mutação nova pode ser perdida por segregação mendeliana",
            "qual a chance de perda de uma nova mutação",
            "qual a chance de perda de uma mutação nova",
            "qual a chance de perda de uma mutação nova em apenas uma geração",
            "qual a chance de se perder uma mutação nova em apenas uma geração"
          ]
        },
        {
          "name": "LessonSixQuestionEleven",
          "slots": [],
          "samples": [
            "o que é micro mutacionalismo",
            "o que é Micromutacionalismo"
          ]
        },
        {
          "name": "LessonSixQuestionTwelve",
          "slots": [],
          "samples": [
            "o que é o modelo geométrico de Fisher"
          ]
        },
        {
          "name": "LessonSixQuestionThirteen",
          "slots": [],
          "samples": [
            "o que é a catraca de Miller"
          ]
        },
        {
          "name": "LessonSixQuestionFourteen",
          "slots": [],
          "samples": [
            "modelo de alelos infinitos",
            "o que é o modelo de alelos infinitos"
          ]
        },
        {
          "name": "LessonSixQuestionFifteen",
          "slots": [],
          "samples": [
            "o que é o modelo de cá alelos",
            "o que é o modelo de ká alelos"
          ]
        },
        {
          "name": "LessonSixQuestionSixteen",
          "slots": [],
          "samples": [
            "o que é modelo de mutação passo a passo",
            "o que é o modelo de mutação passo a passo"
          ]
        },
        {
          "name": "LessonSixQuestionSeventeen",
          "slots": [],
          "samples": [
            "diga um exemplo de distância genética"
          ]
        },
        {
          "name": "LessonSixQuestionEighteen",
          "slots": [],
          "samples": [
            "o que é o modelo de sítios infinitos"
          ]
        },
        {
          "name": "LessonSixQuestionTwentyFour",
          "slots": [],
          "samples": [
            "como funciona o modelo coalescente com mutação",
            "como é detectado um evento mutacional através de genealogias",
            "como é detectado um evento mutacional através da coalescência"
          ]
        },
        {
          "name": "LessonSixQuestionTwentyTree",
          "slots": [],
          "samples": [
            "o que é o parâmetro tétá",
            "o que é o parâmetro tetá",
            "o que é o parâmetro théta"
          ]
        },
        {
          "name": "LessonSixQuestionTwentyTwo",
          "slots": [],
          "samples": [
            "o que é mutação bidirecional",
            "o que é mutação reversível"
          ]
        },
        {
          "name": "LessonSixQuestionTwentyOne",
          "slots": [],
          "samples": [
            "o que é pressão de mutação"
          ]
        },
        {
          "name": "LessonSixQuestionTwenty",
          "slots": [],
          "samples": [
            "o que é mutação irreversível"
          ]
        },
        {
          "name": "LessonSixQuestionNineteen",
          "slots": [],
          "samples": [
            "o que é o modelo de sítios finitos"
          ]
        },
        {
          "name": "LessonFiveQuestionOne",
          "slots": [],
          "samples": [
            "o que é uma população pan mitica",
            "o que é uma população pan mítica",
            "o que é uma população panmítica",
            "o que é panmiquicia",
            "o que é pamiquicia",
            "o que é panmiquisia",
            "o que é pamiquisia",
            "o que é pan mixia",
            "o que é panmixia"
          ]
        },
        {
          "name": "LessonFiveQuestionTwo",
          "slots": [],
          "samples": [
            "o que é estrutura populacional"
          ]
        },
        {
          "name": "LessonFiveQuestionTree",
          "slots": [],
          "samples": [
            " o que é fluxo genico"
          ]
        },
        {
          "name": "LessonFiveQuestionFour",
          "slots": [],
          "samples": [
            "o que é evento vicariante",
            "o que é vicariancia",
            "o que é vicariância"
          ]
        },
        {
          "name": "LessonFiveQuestionFive",
          "slots": [],
          "samples": [
            "o que são sub populações",
            "o que são subpopulações"
          ]
        },
        {
          "name": "LessonFiveQuestionSix",
          "slots": [],
          "samples": [
            "o que é isolamento por distância"
          ]
        },
        {
          "name": "LessonFiveQuestionSeven",
          "slots": [],
          "samples": [
            "a diferença entre fluxo gênico e migração"
          ]
        },
        {
          "name": "LessonFiveQuestionEight",
          "slots": [],
          "samples": [
            "o que são medidas diretas de fluxo gênico"
          ]
        },
        {
          "name": "LessonFiveQuestionNine",
          "slots": [],
          "samples": [
            "quais são as medidas diretas de fluxo gênico"
          ]
        },
        {
          "name": "LessonFiveQuestionTen",
          "slots": [],
          "samples": [
            "o que é fluxo genico criptico"
          ]
        },
        {
          "name": "LessonFiveQuestionEleven",
          "slots": [],
          "samples": [
            "como pode ser medido a estruturação de populações",
            "como se mede a sub divisao populacional",
            "como se mede a sub divisão populacional",
            "como pode ser medido a sub divisao populacional",
            "como pode ser medido a subdivisao populacional"
          ]
        },
        {
          "name": "LessonFiveQuestionTwelve",
          "slots": [],
          "samples": [
            " o que é o efeito Wahlund"
          ]
        },
        {
          "name": "LessonFiveQuestionThirteen",
          "slots": [],
          "samples": [
            "o que é quebra de isolamento"
          ]
        },
        {
          "name": "LessonFiveQuestionFourteen",
          "slots": [],
          "samples": [
            "o que é o modelo continente ilha",
            "descrição do modelo continente ilha"
          ]
        },
        {
          "name": "LessonFiveQuestionFifteen",
          "slots": [],
          "samples": [
            "o que é o modelo de duas Ilhas"
          ]
        },
        {
          "name": "LessonFiveQuestionSixteen",
          "slots": [],
          "samples": [
            "o que é o modelo de Ilhas infinitas"
          ]
        },
        {
          "name": "LessonFiveQuestionSeventeen",
          "slots": [],
          "samples": [
            "o que é o modelo estepe estone",
            "o que é o modelo estepi estone",
            "o que é o modelo stepin eston",
            "o que é o modelo stepin estone"
          ]
        },
        {
          "name": "LessonFiveQuestionEighteen",
          "slots": [],
          "samples": [
            "o que é o modelo de meta população",
            "o que é o modelo de metapopulação"
          ]
        },
        {
          "name": "LessonFiveQuestionNineteen",
          "slots": [],
          "samples": [
            "como se descreve a migração em genealogias",
            "como se descreve o fluxo gênico em genealogias",
            "como descrever o fluxo gênico em genealogias",
            "como descrever a migração em genealogias"
          ]
        },
        {
          "name": "TopicLessonOne",
          "slots": [],
          "samples": [
            "qual o conteúdo da aula de Genética e Extinção",
            "qual o conteúdo da primeira aula",
            "qual o conteúdo da aula um"
          ]
        },
        {
          "name": "QuestionsOne",
          "slots": [],
          "samples": [
            "um",
            "aula um",
            "perguntas aula um",
            "quais as perguntas da primeira aula",
            "quais as perguntas da aula um"
          ]
        },
        {
          "name": "LessonEightQuestionThirteen",
          "slots": [],
          "samples": [
            "o que são sitios segregantes",
            "o que são sítios segregantes"
          ]
        },
        {
          "name": "LessonEightQuestionFourteen",
          "slots": [],
          "samples": [
            "o que é diversidade nucleotidica",
            "o que é diversidade nucleotídica"
          ]
        },
        {
          "name": "LessonEightQuestionFifteen",
          "slots": [],
          "samples": [
            "o que é o relogio molecular",
            "o que é o relógio molecular"
          ]
        },
        {
          "name": "LessonEightQuestionSixteen",
          "slots": [],
          "samples": [
            "o que é taxa de substituição absoluta"
          ]
        },
        {
          "name": "LessonEightQuestionSeventeen",
          "slots": [],
          "samples": [
            "o que é um relógio molecular super disperso"
          ]
        },
        {
          "name": "LessonEightQuestionEighteen",
          "slots": [],
          "samples": [
            "quais as causas para variação nas taxas de mutação",
            "exemplos que podem causar variação nas taxas de mutação"
          ]
        },
        {
          "name": "LessonEightQuestionTwelve",
          "slots": [],
          "samples": [
            "o que é saturação de bases"
          ]
        },
        {
          "name": "LessonEightQuestionNineteen",
          "slots": [],
          "samples": [
            "quais os testes para detecção de desvio da neutralidade",
            "cite testes para detecção de desvio da neutralidade"
          ]
        },
        {
          "name": "LessonEightQuestionTwenty",
          "slots": [],
          "samples": [
            "como funciona o teste D de tajima"
          ]
        },
        {
          "name": "LessonEightQuestionTwentyOne",
          "slots": [],
          "samples": [
            "o que é efeito carona",
            "o que é o efeito carona"
          ]
        },
        {
          "name": "LessonEightQuestionTwentyTwo",
          "slots": [],
          "samples": [
            "o que é sweep seletivo",
            "o que é varredura seletiva"
          ]
        },
        {
          "name": "LessonEightQuestionTwentyTree",
          "slots": [],
          "samples": [
            "o que é seleção background",
            "o que é seleção de fundo"
          ]
        },
        {
          "name": "TopicLessonEight",
          "slots": [],
          "samples": [
            "qual o conteúdo da aula evolução molecular",
            "quais os tópicos da aula oito"
          ]
        },
        {
          "name": "TopicLessonSeven",
          "slots": [],
          "samples": [
            "qual o conteúdo da aula Fundamentos de Seleção Natural",
            "qual o conteúdo da aula sete"
          ]
        },
        {
          "name": "TopicLessonSix",
          "slots": [],
          "samples": [
            "qual o conteúdo da aula mutação",
            "qual o conteúdo da sexta aula",
            "qual o conteúdo da aula seis"
          ]
        },
        {
          "name": "LessonFourQuestionOne",
          "slots": [],
          "samples": [
            "o que é um evento coalecente",
            "o que é coalecencia",
            "o que é coalecência"
          ]
        },
        {
          "name": "LessonFourQuestionTwo",
          "slots": [],
          "samples": [
            "o que é genealogia"
          ]
        },
        {
          "name": "LessonFourQuestionTree",
          "slots": [],
          "samples": [
            "o que é linhagem"
          ]
        },
        {
          "name": "LessonFourQuestionFour",
          "slots": [],
          "samples": [
            "o que é o ancestral comum mais recente"
          ]
        },
        {
          "name": "LessonFourQuestionFive",
          "slots": [],
          "samples": [
            "o que é copia do alelo",
            "o que é cópia do alelo",
            "o que é copia genica",
            "o que é cópia gênica",
            "o que é copia do gene",
            "o que é cópia do gene"
          ]
        },
        {
          "name": "LessonFourQuestionSix",
          "slots": [],
          "samples": [
            "o que é tempo de espera"
          ]
        },
        {
          "name": "LessonFourQuestionSeven",
          "slots": [],
          "samples": [
            "como funciona a coalescência"
          ]
        },
        {
          "name": "LessonFourQuestionEight",
          "slots": [],
          "samples": [
            "o que é N coalecencia",
            "o que é coalecencia de Kingman"
          ]
        },
        {
          "name": "LessonFourQuestionNine",
          "slots": [],
          "samples": [
            "um exemplo de coalescência em uma situação de gargalo de garrafa"
          ]
        },
        {
          "name": "LessonFourQuestionTen",
          "slots": [],
          "samples": [
            "como se faz para calcular o tamanho da população ancestral através da coalecencia"
          ]
        },
        {
          "name": "LessonFourQuestionEleven",
          "slots": [],
          "samples": [
            "o que são as cadeias markovianas"
          ]
        },
        {
          "name": "LessonFourQuestionTwelve",
          "slots": [],
          "samples": [
            "o que é a propriedade marco viana"
          ]
        },
        {
          "name": "LessonFourQuestionThirteen",
          "slots": [],
          "samples": [
            "o que é o metodo monte carlo"
          ]
        },
        {
          "name": "LessonFourQuestionFourteen",
          "slots": [],
          "samples": [
            "de que maneira funciona uma busca da genealogia verdadeira através da coalecência"
          ]
        },
        {
          "name": "TopicLessonFour",
          "slots": [],
          "samples": [
            "qual o conteúdo da aula evento coalecente ",
            "qual o conteúdo da aula coalecencia",
            "qual o conteúdo da quarta aula",
            "qual o conteúdo da aula quatro"
          ]
        },
        {
          "name": "TopicLessonFive",
          "slots": [],
          "samples": [
            "qual o conteúdo da aula Fluxo Gênico",
            "qual o conteúdo da aula Estrutura Populacional  ",
            "qual o conteúdo da aula Estrutura Populacional e Fluxo Gênico",
            "qual o conteúdo da aula cinco"
          ]
        },
        {
          "name": "LessonTreeQuestionOne",
          "slots": [],
          "samples": [
            "o que é deriva genetica",
            "o que é deriva genética"
          ]
        },
        {
          "name": "LessonTreeQuestionTwo",
          "slots": [],
          "samples": [
            "quais as consequencias da deriva genetica em populações pequenas",
            "quais as consequências da deriva genética em populações pequenas"
          ]
        },
        {
          "name": "LessonTreeQuestionTree",
          "slots": [],
          "samples": [
            "qQual a relação entre amostragem e deriva genetica",
            "qual a relação entre amostragem e deriva genética"
          ]
        },
        {
          "name": "LessonTreeQuestionFour",
          "slots": [],
          "samples": [
            "o que é o modelo raite ficher",
            "o que é o modelo uraite fisher",
            "o que é o modelo de Wright Fisher"
          ]
        },
        {
          "name": "LessonTreeQuestionFive",
          "slots": [],
          "samples": [
            "quais as suposições do modelo de Wright Fisher",
            "quais as suposições do modelo de uraite fisher",
            "quais as suposições do modelo de raite ficher"
          ]
        },
        {
          "name": "LessonTreeQuestionSix",
          "slots": [],
          "samples": [
            "quais as conclusões do modelo de Wright Fisher",
            "quais as conclusões do modelo de uraite fisher",
            "quais as conclusões do modelo de raite ficher"
          ]
        },
        {
          "name": "LessonTreeQuestionSeven",
          "slots": [],
          "samples": [
            "cite modelos de probabilidade que podem ser usados para explicar a deriva genetica",
            "cite modelos de probabilidade que podem ser usados para explicar a deriva genética",
            "quais são os modelos de probabilidade que podem ser usados para explicar a deriva genetica",
            "quais são os modelos de probabilidade que podem ser usados para explicar a deriva genética"
          ]
        },
        {
          "name": "LessonTreeQuestionEight",
          "slots": [],
          "samples": [
            "como funciona a distribuição de probabilidade binomial para deriva genetica",
            "como funciona a distribuição de probabilidade binomial para deriva genética"
          ]
        },
        {
          "name": "LessonTreeQuestionNine",
          "slots": [],
          "samples": [
            "qual o efeito da deriva no erro padrão de acordo com a distribuição de probabilidade binomial"
          ]
        },
        {
          "name": "LessonTreeQuestionTen",
          "slots": [],
          "samples": [
            "o que são cadeias marco vianas"
          ]
        },
        {
          "name": "LessonTreeQuestionEleven",
          "slots": [],
          "samples": [
            "como funciona as cadeias marco vianas em relação a deriva",
            "como funciona as cadeias markovianas em relação a deriva"
          ]
        },
        {
          "name": "LessonTreeQuestionTwelve",
          "slots": [],
          "samples": [
            "o que é a propriedade markoviana"
          ]
        },
        {
          "name": "LessonTreeQuestionThirteen",
          "slots": [],
          "samples": [
            "o que é o modelo de difusão de particulas",
            "o que é o modelo de difusão de partículas"
          ]
        },
        {
          "name": "LessonTreeQuestionFourteen",
          "slots": [],
          "samples": [
            "o que é o tamanho efetivo populacional"
          ]
        },
        {
          "name": "LessonTreeQuestionFifteen",
          "slots": [],
          "samples": [
            "o que é o censo populacional",
            "o que é o tamanho populacional"
          ]
        },
        {
          "name": "LessonTreeQuestionSixteen",
          "slots": [],
          "samples": [
            "o que é o efeito fundador"
          ]
        },
        {
          "name": "LessonTreeQuestionSeventeen",
          "slots": [],
          "samples": [
            "o que é o efeito de gargalo de garrafa"
          ]
        },
        {
          "name": "LessonTreeQuestionEighteen",
          "slots": [],
          "samples": [
            "Como a variância pode interferir no tamanho efetivo populacional"
          ]
        },
        {
          "name": "LessonTreeQuestionNineteen",
          "slots": [],
          "samples": [
            "o que é o isolamento por distancia",
            "o que é o isolamento por distância"
          ]
        },
        {
          "name": "LessonTreeQuestionTwenty",
          "slots": [],
          "samples": [
            "o que é de-me",
            "o que é de me",
            "o que é deme"
          ]
        },
        {
          "name": "LessonTreeQuestionTwentyOne",
          "slots": [],
          "samples": [
            "o que é vizinhança genetica",
            "o que é vizinhança genética"
          ]
        },
        {
          "name": "LessonTreeQuestionTwentyTwo",
          "slots": [],
          "samples": [
            "qual o papel da seleção e deriva na fixação ou perda de alelo"
          ]
        },
        {
          "name": "TopicLessonTree",
          "slots": [],
          "samples": [
            "qual o conteúdo da aula de Deriva Genética",
            "qual o conteúdo da aula Deriva Genética e Tamanho Populacional Efetivo",
            "qual o conteúdo da terceira aula",
            "qual o conteúdo da aula três"
          ]
        },
        {
          "name": "LessonTwoQuestionTwentyEight",
          "slots": [],
          "samples": [
            "o que é desequilibio gametico"
          ]
        },
        {
          "name": "AMAZON.YesIntent",
          "samples": [
            "sim"
          ]
        },
        {
          "name": "AMAZON.NoIntent",
          "samples": [
            "não obrigado",
            "não"
          ]
        },
        {
          "name": "QuestionsTree",
          "slots": [],
          "samples": [
            "três",
            "quais as perguntas da terceira aula ",
            "quais as perguntas da aula três",
            "perguntas aula três",
            "aula três"
          ]
        },
        {
          "name": "QuestionsFour",
          "slots": [],
          "samples": [
            "quais as perguntas da quarta aula",
            "quais as perguntas da aula quatro",
            "perguntas aula quatro",
            "aula quatro"
          ]
        },
        {
          "name": "QuestionsEight",
          "slots": [],
          "samples": [
            "oito",
            "perguntas aula oito",
            "quais as perguntas da aula oito",
            "quais perguntas aula oito",
            "aula oito"
          ]
        },
        {
          "name": "QuestionsFive",
          "slots": [],
          "samples": [
            "quais as perguntas da quinta aula",
            "quais as perguntas da aula cinco",
            "perguntas aula cinco",
            "cinco",
            "aula cinco"
          ]
        },
        {
          "name": "QuestionsSix",
          "slots": [],
          "samples": [
            "quais as perguntas da sexta aula",
            "perguntas aula seis",
            "quais as perguntas da aula seis",
            "aula seis",
            "seis"
          ]
        },
        {
          "name": "QuestionsSeven",
          "slots": [],
          "samples": [
            "aula sete",
            "quais perguntas da setima aula",
            "quais as perguntas da aula sete",
            "perguntas aula sete",
            "sete"
          ]
        },
        {
          "name": "QuestionsTwo",
          "slots": [],
          "samples": [
            "quais as perguntas da segunda aula",
            "perguntas aula dois",
            "quais as perguntas da aula dois",
            "dois",
            "aula dois"
          ]
        }
      ],
      "types": []
    },
    "dialog": {
      "intents": [
        {
          "name": "LessonTwoQuestionTree",
          "confirmationRequired": true,
          "prompts": {
            "confirmation": "Confirm.Intent.551325984845"
          },
          "slots": []
        }
      ],
      "delegationStrategy": "ALWAYS"
    },
    "prompts": [
      {
        "id": "Confirm.Intent.551325984845",
        "variations": [
          {
            "type": "PlainText",
            "value": "Deseja saber a Primeira Lei?"
          }
        ]
      }
    ]
  },
  "version": "271"
}